perfume_id,color_score,season_score,myscore,user_style,user_id
155,63.83570887133758,58.33335763889902,122.1690665102366,스포티,1
1427,73.88793755363,47.368421052631575,121.25635860626157,스포티,1
620,70.7466926436445,39.53489098431719,110.28158362796168,스포티,1
205,78.62198307037957,31.578954016621896,110.20093708700146,스포티,1
944,73.14887899990137,36.37183485253403,109.52071385243539,스포티,1
687,73.69918398158237,35.51153919804187,109.21072317962424,스포티,1
1033,77.52887566369702,30.983554694431753,108.51243035812877,스포티,1
592,69.94345966232378,38.28678590654596,108.23024556886973,스포티,1
1087,73.57516420699702,34.177214324627485,107.7523785316245,스포티,1
1146,76.09268612866859,31.35135304601908,107.44403917468767,스포티,1
1424,73.86048727813754,33.55262622922381,107.41311350736135,스포티,1
1463,69.11395187580685,37.931043638527775,107.04499551433463,스포티,1
1378,64.8699091103414,41.23711340206185,106.10702251240325,스포티,1
41,85.25540607175184,20.792086971863966,106.0474930436158,스포티,1
1145,73.35366018851323,32.432427319212756,105.786087507726,스포티,1
848,67.43701378474871,37.931043638527775,105.3680574232765,스포티,1
1353,59.54612241436621,45.714285714285715,105.26040812865193,스포티,1
759,65.93241596557158,38.99242222789033,104.92483819346191,스포티,1
478,66.73877079553851,38.08089697690976,104.81966777244827,스포티,1
255,74.98722612643832,29.429483916023703,104.41671004246201,스포티,1
1323,64.11626132180406,39.88729557519259,104.00355689699666,스포티,1
1259,69.91503338970463,34.03846361464514,103.95349700434977,스포티,1
71,76.16093731065656,27.55813917239052,103.71907648304708,스포티,1
1345,63.15903855990136,40.47620272108494,103.63524128098629,스포티,1
906,63.41486818673917,40.1234409846064,103.53830917134556,스포티,1
1453,65.425632291054,38.095238095238095,103.5208703862921,스포티,1
1322,68.33830954333978,35.16209836505994,103.50040790839972,스포티,1
1117,61.66820289590138,41.754668684755266,103.42287158065665,스포티,1
1188,61.871044470432615,41.42857320408171,103.29961767451432,스포티,1
900,73.89898270307488,29.357809801362126,103.256792504437,스포티,1
1421,61.80108987694464,41.35108192448961,103.15217180143425,스포티,1
1442,69.11395187580685,33.92858348214587,103.04253535795272,스포티,1
1401,70.86997688246466,31.914897012223086,102.78487389468773,스포티,1
996,75.84888872474376,26.89960044099661,102.74848916574037,스포티,1
1332,64.660385170951,38.03809830744049,102.6984834783915,스포티,1
836,63.714469082831485,38.91881267412022,102.6332817569517,스포티,1
311,65.19111330638532,37.36263244777309,102.5537457541584,스포티,1
1415,63.140411760816995,39.324947853609984,102.46535961442697,스포티,1
1394,63.133375256306536,39.2857,102.41907525630654,스포티,1
545,81.87843462567194,20.535727566965946,102.41416219263789,스포티,1
888,63.46980764869805,38.76256425605365,102.2323719047517,스포티,1
840,66.14190077701171,35.80785230449489,101.9497530815066,스포티,1
603,75.35992788332061,26.56250732421646,101.92243520753706,스포티,1
139,68.05674324792874,33.836199355305084,101.89294260323382,스포티,1
717,67.46779708381985,34.37289308892877,101.84069017274862,스포티,1
1141,73.86048727813754,27.927942050159032,101.78842932829657,스포티,1
428,70.49195714546259,31.249993457029785,101.74195060249238,스포티,1
938,62.561244852016905,38.94472263957983,101.50596749159673,스포티,1
484,66.76228246443145,34.67048134416069,101.43276380859214,스포티,1
1379,62.63244414703853,38.77199777758909,101.40444192462762,스포티,1
715,68.39914769406342,32.86385729210922,101.26300498617263,스포티,1
1341,63.39885620951505,37.86408686021526,101.26294306973031,스포티,1
1102,64.40698820293,36.708884089109546,101.11587229203954,스포티,1
1171,68.60228950179604,32.263632594657466,100.8659220964535,스포티,1
395,66.66040812310376,34.14634036287963,100.80674848598339,스포티,1
1074,73.1581112404046,27.49999824999948,100.65810949040407,스포티,1
665,57.95607162304343,42.3728813559322,100.32895297897562,스포티,1
1329,66.17414235539923,34.04255893315076,100.21670128854998,스포티,1
97,58.62798377197753,41.549289922635225,100.17727369461275,스포티,1
1281,62.57885046664392,37.3134328358209,99.89228330246482,스포티,1
1285,60.6067484056247,39.266518242758245,99.87326664838295,스포티,1
1179,63.76998312485499,36.024845615524114,99.7948287403791,스포티,1
975,55.22258904198416,44.44444444444444,99.66703348642861,스포티,1
606,58.480001313659066,41.07142197066433,99.55142328432339,스포티,1
1396,59.41312243753642,40.12962687505967,99.5427493125961,스포티,1
355,64.71124950031833,34.72222222222222,99.43347172254056,스포티,1
615,61.16760515825478,38.230143168063144,99.39774832631792,스포티,1
354,53.098929992938814,46.153847692307615,99.25277768524643,스포티,1
223,66.59823249383045,32.4446683428541,99.04290083668455,스포티,1
504,64.60659571658596,34.32917698544512,98.93577270203107,스포티,1
184,56.807670333172226,41.94657265041516,98.75424298358739,스포티,1
978,62.68794202084938,36.03521849710983,98.7231605179592,스포티,1
661,56.63891699738925,42.00000672000108,98.63892371739033,스포티,1
1407,59.16100322525537,39.39395454545455,98.55495777070992,스포티,1
340,64.5069080010088,33.97912933917729,98.48603734018609,스포티,1
559,65.5019256416322,32.97061263354747,98.47253827517966,스포티,1
1451,61.95365608194123,36.27450660322981,98.22816268517104,스포티,1
329,65.25392084478798,32.96295272062312,98.2168735654111,스포티,1
1296,65.19111330638532,33.01204906778925,98.20316237417457,스포티,1
538,66.14190077701171,31.858419461192668,98.00032023820438,스포티,1
811,61.80108987694464,36.197138737552685,97.99822861449732,스포티,1
1227,85.97201676200423,12.021132687121822,97.99314944912605,스포티,1
429,61.94066969388461,36.04650575987115,97.98717545375575,스포티,1
10,64.20643149491329,33.77350976323299,97.97994125814628,스포티,1
1385,63.06175857794398,34.67151834541025,97.73327692335423,스포티,1
1124,57.70600810270163,39.91936288696832,97.62537098966996,스포티,1
683,68.31284379664531,29.166661805556366,97.47950560220167,스포티,1
389,70.93356542565739,26.47057698962103,97.40414241527841,스포티,1
1161,61.94405057775726,35.27358012376089,97.21763070151815,스포티,1
343,57.350103016834694,39.75902848018728,97.10913149702198,스포티,1
1458,64.01967017511765,33.03834496393204,97.0580151390497,스포티,1
549,65.11948959077874,31.932764133888767,97.05225372466751,스포티,1
675,80.34841480394844,16.666657613168272,97.01507241711671,스포티,1
1280,59.16100322525537,37.84530928161631,97.00631250687168,스포티,1
857,58.39150388911527,38.59649258233308,96.98799647144835,스포티,1
1408,62.0338279629552,34.93975861518363,96.97358657813882,스포티,1
243,76.00138839506542,20.901990886176144,96.90337928124157,스포티,1
91,55.5296941830964,41.34519058272325,96.87488476581964,스포티,1
1328,58.24305205687256,38.423646834429434,96.66669889130199,스포티,1
281,75.35992788332061,21.29629917695537,96.65622706027598,스포티,1
1082,61.95550875474929,34.63035830368242,96.58586705843172,스포티,1
30,58.94206292196748,37.58862302701824,96.5306859489857,스포티,1
1271,58.421082787913534,38.08999981335899,96.51108260127253,스포티,1
361,60.38896020147555,36.086179570603335,96.47513977207888,스포티,1
1206,63.133375256306536,33.33332152777606,96.46669678408259,스포티,1
1078,66.36819517885843,30.000003000000298,96.36819817885873,스포티,1
772,58.18604272566521,38.16718141472001,96.35322414038522,스포티,1
1034,59.62753192591607,36.6547969719209,96.28232889783698,스포티,1
18,86.24283766284144,9.95259836593571,96.19543602877715,스포티,1
750,63.803503780231395,32.35295337370111,96.15645715393251,스포티,1
852,71.15271975831953,25.0,96.15271975831953,스포티,1
263,75.74458816668131,20.370355555555555,96.11494372223686,스포티,1
1299,49.09620636350165,46.80851982797451,95.90472619147616,스포티,1
879,58.06920013349885,37.695024633698594,95.76422476719745,스포티,1
839,62.246766007146704,33.46940137609485,95.71616738324155,스포티,1
1426,55.7160491028478,40.00001057142797,95.71605967427577,스포티,1
403,66.0700830099953,29.629643209881067,95.69972621987637,스포티,1
1016,63.30483788745826,32.35293167819985,95.65776956565811,스포티,1
238,59.21509552966799,36.36364757231277,95.57874310198076,스포티,1
610,79.56653254251054,15.909104080580008,95.47563662309055,스포티,1
815,62.56568827296963,32.870365196331406,95.43605346930104,스포티,1
1176,60.280033160498114,34.98941745069204,95.26945061119015,스포티,1
422,57.60417324961061,37.63034209744001,95.23451534705062,스포티,1
632,60.41029341661259,34.79166057812606,95.20195399473866,스포티,1
710,53.5827779467597,41.514515965652556,95.09729391241225,스포티,1
1067,58.66100546018338,36.41806244367513,95.07906790385852,스포티,1
259,59.9580253554366,35.119043020125325,95.07706837556192,스포티,1
876,63.748397976951786,31.2219719282653,94.97036990521708,스포티,1
939,49.825239412373556,45.081943194046666,94.90718260642022,스포티,1
1152,60.09830097563014,34.78260869565217,94.88090967128231,스포티,1
498,64.20643149491329,30.666671982223143,94.87310347713642,스포티,1
1474,68.05674324792874,26.785719738519333,94.84246298644807,스포티,1
1159,58.480001313659066,36.29976198246069,94.77976329611975,스포티,1
744,83.49097233750142,11.25,94.74097233750142,스포티,1
734,61.94405057775726,32.76867179885224,94.71272237660949,스포티,1
805,58.894957688914495,35.782323246057864,94.67728093497236,스포티,1
1109,62.47543074931174,32.13772531454186,94.61315606385361,스포티,1
34,56.04702336801009,38.56384733335098,94.61087070136107,스포티,1
1070,64.24583775413873,30.357138647958287,94.60297640209703,스포티,1
1192,58.06920013349885,36.53261631985037,94.60181645334922,스포티,1
1134,51.44023264035005,43.16039395081182,94.60062659116187,스포티,1
142,66.80506238713686,27.722772277227726,94.52783466436458,스포티,1
722,54.759786482227256,39.73509407482198,94.49488055704924,스포티,1
967,59.54612241436621,34.944362386982995,94.4904848013492,스포티,1
1351,76.59986494385332,17.86835539745258,94.4682203413059,스포티,1
95,61.82278250157456,32.5757653236897,94.39854782526426,스포티,1
419,67.77929181989751,26.416165110696273,94.19545693059378,스포티,1
913,61.94405057775726,32.20725601637517,94.15130659413242,스포티,1
1255,64.96668618269665,29.093065081762187,94.05975126445884,스포티,1
664,64.71124950031833,29.33364231436571,94.04489181468404,스포티,1
1162,56.92500035981072,37.05356904496212,93.97856940477283,스포티,1
1398,62.985079780557086,30.952375850339408,93.9374556308965,스포티,1
1218,64.29433120557164,29.577467936254966,93.8717991418266,스포티,1
383,54.62766564469691,39.189191307523856,93.81685695222077,스포티,1
276,61.49926227882156,32.1428479591863,93.64211023800786,스포티,1
1446,58.41424696095208,35.1501524415348,93.56439940248688,스포티,1
1093,52.91542643503673,40.635738831615114,93.55116526665185,스포티,1
1266,73.69520816350278,19.85293387759784,93.54814204110062,스포티,1
279,64.56957331326069,28.828829574362093,93.39840288762278,스포티,1
1166,63.014285206202224,30.33953888148436,93.35382408768658,스포티,1
1312,60.25799593509775,32.96702572153281,93.22502165663056,스포티,1
1114,76.34481328511747,16.857156751019613,93.20197003613708,스포티,1
593,60.25799593509775,32.90080833996011,93.15880427505786,스포티,1
1388,58.631899381110586,34.52380623582798,93.15570561693858,스포티,1
535,63.07746470361144,30.01481565346223,93.09228035707366,스포티,1
1433,63.21940735406252,29.870130828133117,93.08953818219564,스포티,1
1298,64.40104052541058,28.662435218468037,93.06347574387861,스포티,1
1139,52.08279065215453,40.96649218810193,93.04928284025647,스포티,1
1199,68.84828540745117,24.19601842597131,93.04430383342248,스포티,1
995,59.78939844702222,33.1412105689774,92.93060901599962,스포티,1
1452,57.839228027429556,35.08771929824561,92.92694732567517,스포티,1
1024,56.92500035981072,35.786164782405805,92.71116514221652,스포티,1
1207,66.38542329946165,26.301864158532723,92.68728745799437,스포티,1
1371,56.66055702136538,36.000008266666114,92.66056528803149,스포티,1
1120,57.350103016834694,35.27920194027216,92.62930495710685,스포티,1
696,61.288039097004955,31.28990278083546,92.57794187784042,스포티,1
753,55.7160491028478,36.817978552324924,92.53402765517272,스포티,1
75,57.70600810270163,34.78260869565217,92.4886167983538,스포티,1
1184,64.96668618269665,27.490050248409382,92.45673643110604,스포티,1
462,57.84198207997044,34.50164831585583,92.34363039582627,스포티,1
625,77.46728637311956,14.851481541026748,92.3187679141463,스포티,1
465,62.19688526340341,30.06741235197614,92.26429761537955,스포티,1
1236,54.14298783690258,38.08801225519882,92.2310000921014,스포티,1
1140,61.027966072772585,31.1738476979657,92.20181377073828,스포티,1
1177,57.70600810270163,34.482756163298,92.18876426599962,스포티,1
1263,63.615443378708015,28.571424081633808,92.18686746034183,스포티,1
1260,57.64390595129285,34.44444444444444,92.0883503957373,스포티,1
37,61.473334096413865,30.50845274347045,91.98178683988431,스포티,1
1412,57.84277853929785,34.05404172096868,91.89682026026654,스포티,1
1459,57.839228027429556,33.92855848213962,91.76778650956918,스포티,1
179,56.607115122073715,35.10636878678709,91.71348390886081,스포티,1
651,85.82882334266523,5.799347970626203,91.62817131329143,스포티,1
1014,75.21874760364352,16.307677860351472,91.526425463995,스포티,1
1387,59.830412044825124,31.66666177777648,91.4970738226016,스포티,1
420,56.63891699738925,34.82427897028691,91.46319596767617,스포티,1
336,65.47218978375767,25.983663469096346,91.45585325285401,스포티,1
877,64.70458971139834,26.673586334472375,91.37817604587072,스포티,1
1456,59.15880035597081,32.20338388394281,91.36218423991363,스포티,1
288,66.07632331156431,25.27899067724984,91.35531398881415,스포티,1
44,76.59986494385332,14.716097144888893,91.31596208874221,스포티,1
394,61.19933333113359,30.065359084112952,91.26469241524654,스포티,1
793,83.19368005462321,7.936528004529701,91.13020805915292,스포티,1
841,80.58698096083998,10.526296984557293,91.11327794539727,스포티,1
986,76.59986494385332,14.476997304669364,91.07686224852269,스포티,1
929,68.98126803579935,22.093023255813954,91.07429129161329,스포티,1
415,68.84828540745117,22.222222222222225,91.0705076296734,스포티,1
1425,58.29146125455358,32.67326797372807,90.96472922828166,스포티,1
910,58.06920013349885,32.89085269206696,90.96005282556581,스포티,1
1112,66.56205573187664,24.390248899463632,90.95230463134027,스포티,1
704,57.50295032516992,33.444287846328486,90.94723817149841,스포티,1
133,77.79632454083473,13.131333333333334,90.92765787416806,스포티,1
1431,53.15402712150469,37.727282880167046,90.88131000167174,스포티,1
1437,55.7160491028478,35.164840743870656,90.88088984671845,스포티,1
536,81.65687933823843,9.20716289087617,90.8640422291146,스포티,1
1386,64.17548859969814,26.666664333334268,90.84215293303241,스포티,1
1221,53.40992719453029,37.4269052631579,90.83683245768819,스포티,1
62,55.59272411552134,35.22141725529488,90.81414137081623,스포티,1
409,66.24891532066101,24.489810162433482,90.7387254830945,스포티,1
797,63.63042310823626,27.083321614584797,90.71374472282105,스포티,1
103,68.98126803579935,21.724025244496964,90.7052932802963,스포티,1
845,56.83488125104299,33.84989399905694,90.68477525009993,스포티,1
1397,55.39075919736107,35.27606827882125,90.66682747618232,스포티,1
190,80.50182301985267,10.0,90.50182301985267,스포티,1
552,65.5019256416322,24.941193646136373,90.44311928776857,스포티,1
214,56.607115122073715,33.817688352655765,90.42480347472949,스포티,1
767,52.653309658975324,37.75463208410802,90.40794174308334,스포티,1
183,56.84341490736762,33.497528406416116,90.34094331378373,스포티,1
741,63.63042310823626,26.618691993168802,90.24911510140507,스포티,1
1073,58.46657675197014,31.74602078609326,90.21259753806339,스포티,1
953,63.205312442916075,26.995801733523166,90.20111417643923,스포티,1
89,65.19111330638532,24.96350489381416,90.15461820019948,스포티,1
1441,56.45348625420117,33.62070435493688,90.07419060913804,스포티,1
803,61.628638290233354,28.44501213788083,90.07365042811418,스포티,1
1183,66.56205573187664,23.489022767475763,90.0510784993524,스포티,1
980,56.83488125104299,33.19588025847641,90.0307615095194,스포티,1
421,59.506232254888246,30.429293428763653,89.9355256836519,스포티,1
303,55.57109075816371,34.31603004711591,89.88712080527962,스포티,1
919,73.21887309746032,16.66665208333151,89.88552518079183,스포티,1
873,70.20240865299175,19.587636110816998,89.79004476380875,스포티,1
1365,66.23297131717247,23.529423442904342,89.76239476007682,스포티,1
643,60.03414247087979,29.687493847658175,89.72163631853797,스포티,1
331,76.67332439685525,13.043478260869565,89.71680265772481,스포티,1
1363,69.25129239542689,20.454531714879156,89.70582411030604,스포티,1
937,61.12560933736375,28.571441982505917,89.69705131986967,스포티,1
897,57.469538097139825,32.226960750654555,89.69649884779437,스포티,1
431,60.129936791128856,29.51288975460032,89.64282654572918,스포티,1
136,63.63042310823626,25.988611461248762,89.61903456948502,스포티,1
582,60.23468822572953,29.381441486874703,89.61612971260423,스포티,1
17,68.98126803579935,20.547944717582986,89.52921275338232,스포티,1
890,64.47620844059045,25.0,89.47620844059045,스포티,1
826,62.00892474135592,27.374294878436473,89.38321961979238,스포티,1
1369,58.06920013349885,31.274902641228074,89.34410277472693,스포티,1
224,58.81674503447669,30.508483424303968,89.32522845878066,스포티,1
523,59.91301908720161,29.41174567473377,89.32476476193538,스포티,1
1216,62.64171208047197,26.68269239408052,89.3244044745525,스포티,1
418,82.0798330091448,7.228933989096363,89.30876699824117,스포티,1
1393,73.88527759804873,15.384637573968762,89.26991517201749,스포티,1
966,81.93708575708028,7.329823072288362,89.26690882936865,스포티,1
622,51.762511341701625,37.49999045138955,89.26250179309118,스포티,1
1419,60.38896020147555,28.846153846153843,89.2351140476294,스포티,1
1352,59.54612241436621,29.57746812140486,89.12359053577107,스포티,1
74,52.0244145562852,37.0370386831283,89.06145323941351,스포티,1
159,78.02664925365468,11.023615407031492,89.05026466068617,스포티,1
295,65.94264210467581,23.102046997218302,89.04468910189411,스포티,1
1066,52.949385247545614,36.09467146808621,89.04405671563183,스포티,1
363,65.40854875413373,23.591561276900183,89.00011003103391,스포티,1
1383,66.14185535600303,22.85713897959128,88.99899433559432,스포티,1
407,61.288039097004955,27.71085007983613,88.99888917684109,스포티,1
1417,55.56533364002132,33.38696392638709,88.95229756640842,스포티,1
1011,65.25483556860235,23.664125873783593,88.91896144238594,스포티,1
701,76.67332439685525,12.217925175335736,88.89124957219099,스포티,1
131,57.369650933396834,31.46853917062148,88.83819010401831,스포티,1
1436,78.1872637369047,10.526303601109957,88.71356733801466,스포티,1
1181,60.60533652327131,28.079315988880488,88.6846525121518,스포티,1
761,84.53646706102512,4.126210345932541,88.66267740695766,스포티,1
488,61.473360707775896,27.187508695312285,88.66086940308818,스포티,1
475,48.193134617294675,40.449441838152076,88.64257645544674,스포티,1
53,59.619139849903924,28.98551762234885,88.60465747225277,스포티,1
300,62.821033701155415,25.78123992920315,88.60227363035857,스포티,1
720,62.047676900410366,26.528048594953198,88.57572549536357,스포티,1
542,62.68081912670856,25.88831934345092,88.56913847015949,스포티,1
1348,55.233901349755186,33.33331764705882,88.567218996814,스포티,1
936,68.98126803579935,19.565217391304348,88.54648542710369,스포티,1
1469,55.93479951091474,32.46976815365702,88.40456766457177,스포티,1
158,66.90024940149164,21.428576275510895,88.32882567700253,스포티,1
493,57.066846483215215,31.25,88.31684648321522,스포티,1
1084,66.0700830099953,22.22224,88.2923230099953,스포티,1
754,57.839228027429556,30.37974683544304,88.2189748628726,스포티,1
686,58.839586074916916,29.37421554097735,88.21380161589427,스포티,1
1432,70.20240865299175,18.000015146667067,88.20242379965882,스포티,1
963,49.06245641818877,38.983056794025615,88.04551321221439,스포티,1
282,64.94134462177156,23.0769,88.01824462177156,스포티,1
1466,66.24891532066101,21.73913043478261,87.98804575544362,스포티,1
948,58.54937825174786,29.411764705882355,87.96114295763022,스포티,1
1275,56.22459544642338,31.696072698112342,87.92066814453572,스포티,1
1061,66.38542329946165,21.51900894888585,87.9044322483475,스포티,1
652,66.91949012965382,20.983618704649484,87.90310883430331,스포티,1
100,58.57606883018644,29.308392282279677,87.88446111246611,스포티,1
769,61.02015360516724,26.823353049864618,87.84350665503186,스포티,1
1009,59.42085921724478,28.42061432559643,87.84147354284121,스포티,1
3,48.193134617294675,39.622649733002774,87.81578435029745,스포티,1
66,61.54259251869332,26.24632819936058,87.7889207180539,스포티,1
1026,63.695493766169676,24.03624188512861,87.7317356512983,스포티,1
575,73.88527759804873,13.846144627216878,87.7314222252656,스포티,1
636,59.21509552966799,28.51261084288731,87.7277063725553,스포티,1
714,54.10400739019396,33.50383434632177,87.60784173651572,스포티,1
413,63.615443378708015,23.943150980456434,87.55859435916445,스포티,1
619,68.84828540745117,18.691150992541612,87.53943639999278,스포티,1
562,69.34417556222795,18.18183780992137,87.52601337214932,스포티,1
77,53.52417227077338,34.000005440000876,87.52417771077425,스포티,1
810,61.05794154846982,26.401115974622307,87.45905752309213,스포티,1
1253,59.42085921724478,28.014184281703404,87.43504349894819,스포티,1
451,57.08937727093344,30.33897456492352,87.42835183585696,스포티,1
392,65.778843817939,21.590887353655244,87.36973117159425,스포티,1
529,71.01526561049077,16.30278464030366,87.31805025079443,스포티,1
584,76.94961472257116,10.352954676260943,87.3025693988321,스포티,1
212,64.56957331326069,22.67887512608145,87.24844843934214,스포티,1
1136,59.967096705973,27.27272727272727,87.23982397870027,스포티,1
658,70.20240865299175,17.01668640798505,87.2190950609768,스포티,1
102,55.62391454686954,31.54363704338031,87.16755159024986,스포티,1
516,59.7462234604597,27.387628890221393,87.1338523506811,스포티,1
83,75.73952700814465,11.340194043997972,87.07972105214262,스포티,1
1213,57.32815535072172,29.74138215108459,87.06953750180631,스포티,1
994,56.92500035981072,30.120474205255498,87.04547456506621,스포티,1
1167,75.35992788332061,11.6751326547954,87.03506053811601,스포티,1
1168,60.50071824699912,26.422130765439995,86.92284901243912,스포티,1
816,54.219374265063806,32.653067971679015,86.87244223674281,스포티,1
123,59.7462234604597,27.027014463110056,86.77323792356975,스포티,1
1340,55.21769517915271,31.538461538461537,86.75615671761425,스포티,1
917,51.825267840293186,34.920627160495556,86.74589500078875,스포티,1
886,67.80096818812807,18.817216065441727,86.6181842535698,스포티,1
204,64.01614413566044,22.580654006240643,86.59679814190108,스포티,1
1017,60.07739128439903,26.51899928438936,86.5963905687884,스포티,1
781,59.61321185498267,26.981308714017015,86.59452056899968,스포티,1
215,77.29673669252794,9.259241015081324,86.55597770760927,스포티,1
1030,53.522379947920115,32.998998480396125,86.52137842831624,스포티,1
1250,78.1872637369047,8.333333333333332,86.52059707023803,스포티,1
237,54.22770587858293,32.270420964414434,86.49812684299737,스포티,1
196,71.38660923666566,15.04276263605977,86.42937187272543,스포티,1
891,49.249846197445315,37.14284594285535,86.39269214030067,스포티,1
338,66.0700830099953,20.286408979215448,86.35649198921075,스포티,1
452,54.49445830165829,31.845589246274898,86.34004754793318,스포티,1
1230,66.56539030105367,19.736842105263158,86.30223240631682,스포티,1
1290,69.86253035231147,16.417910447761194,86.28044080007265,스포티,1
1155,58.898119223596545,27.32433620522422,86.22245542882077,스포티,1
49,66.29082321894086,19.927969425081283,86.21879264402214,스포티,1
460,73.88527759804873,12.328783411519854,86.21406100956858,스포티,1
1350,65.46847089068896,20.714296260205817,86.18276715089478,스포티,1
1302,52.8478648436642,33.33333333333333,86.18119817699753,스포티,1
789,53.5985346274249,32.5581490535398,86.1566836809647,스포티,1
1380,59.32502086077462,26.82925936942187,86.15428023019649,스포티,1
947,59.21635244385185,26.923076923076923,86.13942936692877,스포티,1
92,49.141694702470005,36.95651238185052,86.09820708432053,스포티,1
969,47.89304072958621,38.20513790335552,86.09817863294174,스포티,1
210,62.494690879475925,23.564956960962604,86.05964784043853,스포티,1
244,61.95365608194123,24.099708694681972,86.0533647766232,스포티,1
550,60.25799593509775,25.74454212093931,86.00253805603707,스포티,1
676,55.66597145078871,30.31496014632055,85.98093159710926,스포티,1
24,59.305314673594054,26.6715663609069,85.97688103450096,스포티,1
284,59.622047043376256,26.315799445979177,85.93784648935544,스포티,1
1088,63.343974141953765,22.522533917700866,85.86650805965463,스포티,1
812,47.923158343816105,37.92723129694443,85.85038964076054,스포티,1
694,74.44362537460887,11.363616606395844,85.80724198100472,스포티,1
1122,66.36819517885843,19.366198427891405,85.73439360674983,스포티,1
207,60.19998087322884,25.490181930024967,85.6901628032538,스포티,1
752,61.383366366523994,24.293777790543633,85.67714415706763,스포티,1
441,63.00143918340824,22.623486467381813,85.62492565079005,스포티,1
711,57.23045611181439,28.3200761178455,85.5505322296599,스포티,1
831,55.94375805649909,29.56942123485916,85.51317929135826,스포티,1
1443,60.33123174096491,25.172418287752983,85.50365002871789,스포티,1
1138,63.75652272465664,21.739119683359405,85.49564240801604,스포티,1
206,66.833311598368,18.649516435934498,85.4828280343025,스포티,1
114,62.821033701155415,22.656242488608573,85.47727618976398,스포티,1
1307,66.29082321894086,19.178094314129233,85.46891753307008,스포티,1
211,53.768802811416585,31.595217242394714,85.3640200538113,스포티,1
1185,54.14298783690258,31.111119999999996,85.25410783690258,스포티,1
972,50.02595573097637,35.22728380682095,85.25323953779733,스포티,1
707,61.19304506434864,24.050640508462806,85.24368557281144,스포티,1
449,65.69549330186135,19.540224952657468,85.23571825451882,스포티,1
268,64.20643149491329,21.005931658559664,85.21236315347295,스포티,1
508,51.52506523708229,33.686331215661156,85.21139645274344,스포티,1
541,50.02595573097637,35.050639172682615,85.07659490365899,스포티,1
1316,62.69044256842356,22.3404143051152,85.03085687353877,스포티,1
135,47.923158343816105,37.027026026296596,84.95018437011271,스포티,1
1448,55.7160491028478,29.120876132108826,84.83692523495662,스포티,1
435,48.93158930604849,35.820891245266715,84.7524805513152,스포티,1
1142,55.935927954700105,28.790216411710052,84.72614436641015,스포티,1
1057,59.30984977905336,25.38795325510653,84.69780303415989,스포티,1
1211,68.84828540745117,15.841584158415841,84.68986956586701,스포티,1
1215,59.54612241436621,25.125641844904077,84.67176425927029,스포티,1
1473,78.1872637369047,6.451603537985499,84.6388672748902,스포티,1
122,49.688113574688344,34.94019891222955,84.62831248691789,스포티,1
326,70.2316603869703,14.285707142853571,84.51736752982387,스포티,1
798,52.16349558460509,32.35294117647059,84.51643676107568,스포티,1
154,66.07632331156431,18.418291342593125,84.49461465415743,스포티,1
264,64.31026376051823,20.161306744273748,84.47157050479197,스포티,1
595,64.65675169761718,19.80082763234725,84.45757932996443,스포티,1
822,58.02921748827011,26.39664157115142,84.42585905942153,스포티,1
129,66.66040812310376,17.756993524905834,84.4174016480096,스포티,1
31,50.8038004362263,33.559650824442286,84.36345126066858,스포티,1
1356,70.025419800152,14.285714285714285,84.31113408586629,스포티,1
1128,50.38933589358447,33.87096274713913,84.2602986407236,스포티,1
695,65.00082569949274,19.258253311996313,84.25907901148905,스포티,1
88,64.52033522084494,19.736855843141242,84.25719106398618,스포티,1
640,61.03913509716865,23.214297098212864,84.25343219538152,스포티,1
404,64.01614413566044,20.230649305549143,84.24679344120958,스포티,1
352,64.31026376051823,19.923012632268712,84.23327639278693,스포티,1
874,73.88527759804873,10.344852175973852,84.23012977402259,스포티,1
1106,53.07568788423076,31.147543715847902,84.22323160007866,스포티,1
911,65.69200421320001,18.51934889115297,84.21135310435298,스포티,1
254,52.04506258952261,32.163730180226025,84.20879276974864,스포티,1
641,64.56087160927274,19.617213232298603,84.17808484157135,스포티,1
180,48.04845069118425,35.999997120000224,84.04844781118447,스포티,1
949,66.07632331156431,17.965009052648657,84.04133236421296,스포티,1
1409,60.28003961346664,23.52941366781951,83.80945328128615,스포티,1
1292,60.115397779380245,23.691303235021962,83.80670101440221,스포티,1
697,65.12656670011184,18.644083180117267,83.7706498802291,스포티,1
396,51.34246661044606,32.39796538942221,83.74043199986826,스포티,1
578,64.29433120557164,19.44445254629967,83.73878375187131,스포티,1
216,50.0381229534343,33.69992107478485,83.73804402821915,스포티,1
1060,51.17822403862641,32.54769673691575,83.72592077554216,스포티,1
353,52.131256182894184,31.57894916897502,83.7102053518692,스포티,1
16,67.80096818812807,15.872999496095252,83.67396768422331,스포티,1
278,66.02125035555724,17.631066023700598,83.65231637925784,스포티,1
251,68.84828540745117,14.741379718712844,83.58966512616402,스포티,1
954,59.690731662177996,23.868315602297525,83.55904726447552,스포티,1
1062,51.66798050281625,31.890663498010337,83.55864400082659,스포티,1
854,55.94375805649909,27.536233333333332,83.47999138983242,스포티,1
330,60.74802985751363,22.727262594325076,83.4752924518387,스포티,1
1044,51.23839925157934,32.20778615213081,83.44618540371015,스포티,1
591,61.54182607210124,21.87937776142895,83.42120383353019,스포티,1
232,65.47177407921964,17.901237886754306,83.37301196597394,스포티,1
432,57.63860529777709,25.71428571428571,83.3528910120628,스포티,1
453,61.12691483856778,22.222235802466113,83.34915064103389,스포티,1
537,62.7660395975177,20.578785144899754,83.34482474241744,스포티,1
1123,55.94375805649909,27.38853595683393,83.33229401333303,스포티,1
749,59.622047043376256,23.65592144756652,83.27796849094278,스포티,1
520,71.49489839284477,11.705694917287007,83.20059331013178,스포티,1
612,49.8498933963056,33.33333333333333,83.18322672963893,스포티,1
76,60.19998087322884,22.95083345874313,83.15081433197197,스포티,1
287,73.3922411510768,9.756086258175795,83.1483274092526,스포티,1
659,57.196472146936905,25.94396896924604,83.14044111618294,스포티,1
176,58.78995455352698,24.324321037253917,83.11427559078089,스포티,1
490,70.02932784727423,13.043478260869565,83.0728061081438,스포티,1
895,79.01517364065656,3.9560405414330737,82.97121418208962,스포티,1
611,65.78107586906458,17.153294544193127,82.93437041325771,스포티,1
909,55.50976215374256,27.413120487171046,82.9228826409136,스포티,1
613,48.80518696977653,34.11512614054219,82.92031311031872,스포티,1
1007,69.33492975086155,13.49207677626195,82.8270065271235,스포티,1
217,56.31984530256445,26.495723325298066,82.81556862786252,스포티,1
309,60.51646375062305,22.222213991772595,82.73867774239565,스포티,1
835,61.9209089803574,20.807460256163655,82.72836923652106,스포티,1
1354,53.21207602860822,29.499985755001568,82.71206178360978,스포티,1
654,58.978905037017036,23.68422229916959,82.66312733618662,스포티,1
1003,52.04506258952261,30.61224631403579,82.6573089035584,스포티,1
773,52.131256182894184,30.47000329324106,82.60125947613524,스포티,1
52,66.14185535600303,16.43836932820209,82.58022468420512,스포티,1
48,65.19111330638532,17.31601022469459,82.50712353107991,스포티,1
742,50.08780746162107,32.394376829996986,82.48218429161805,스포티,1
875,52.10153204861119,30.37974683544304,82.48127888405423,스포티,1
250,77.86502324486705,4.6082960606509324,82.47331930551798,스포티,1
825,58.20598162648491,24.262304327867,82.46828595435191,스포티,1
706,70.01251916562082,12.413809404670003,82.42632857029082,스포티,1
195,73.88527759804873,8.47146297121506,82.35674056926379,스포티,1
0,62.895487582673425,19.444444444444446,82.33993202711787,스포티,1
1042,57.51600402344914,24.772308404416627,82.28831242786578,스포티,1
93,62.01546953484267,20.22470478474522,82.2401743195879,스포티,1
442,69.25129239542689,12.980782988160389,82.23207538358727,스포티,1
574,73.88527759804873,8.333323489585117,82.21860108763384,스포티,1
120,66.80506238713686,15.360719383493324,82.16578177063018,스포티,1
976,68.12495561664895,13.999987903998354,82.1249435206473,스포티,1
740,73.3922411510768,8.69563871455557,82.08787986563237,스포티,1
1041,59.30984977905336,22.762139933676437,82.07198971272979,스포티,1
393,76.837014418178,5.175982660476838,82.01299707865483,스포티,1
1107,59.13316543489666,22.821587011241558,81.95475244613822,스포티,1
96,57.64390595129285,24.242430670336642,81.8863366216295,스포티,1
187,74.81373757496021,7.017537359186964,81.83127493414717,스포티,1
1160,52.97302820860931,28.787890909090912,81.76091911770021,스포티,1
670,57.50295032516992,24.242418135904124,81.74536846107404,스포티,1
883,58.64327657630539,23.076929783036444,81.72020635934183,스포티,1
367,73.3922411510768,8.307685413869415,81.69992656494622,스포티,1
146,69.05937026751097,12.619519326289172,81.67888959380014,스포티,1
998,54.48689443227855,27.1259558209491,81.61285025322765,스포티,1
447,66.56205573187664,14.931428200798022,81.49348393267466,스포티,1
633,57.469538097139825,24.0,81.46953809713983,스포티,1
1321,54.49445830165829,26.8774720554923,81.37193035715059,스포티,1
1251,61.288039097004955,20.072979871060994,81.36101896806595,스포티,1
760,53.00741044565434,28.31811476559628,81.32552521125062,스포티,1
110,71.46152245202771,9.827998114086848,81.28952056611456,스포티,1
501,72.03230475272278,9.210543767311183,81.24284852003396,스포티,1
543,58.11734106987985,23.112113371806373,81.22945444168622,스포티,1
748,52.99937149525458,28.225821377468613,81.2251928727232,스포티,1
2,54.50624309631782,26.666680000000003,81.17292309631782,스포티,1
86,65.47177407921964,15.673987749724013,81.14576182894365,스포티,1
729,49.688113574688344,31.446557683637522,81.13467125832587,스포티,1
463,64.31026376051823,16.787133485386445,81.09739724590467,스포티,1
115,65.91087511804939,15.151520293847257,81.06239541189665,스포티,1
1104,57.431226536619604,23.584894126021755,81.01612066264136,스포티,1
12,64.59643694020004,16.304334002833436,80.90077094303348,스포티,1
167,74.81373757496021,6.01805080628157,80.83178838124178,스포티,1
804,49.78427161573149,31.03449372770625,80.81876534343775,스포티,1
487,64.31026376051823,16.504872466776305,80.81513622729453,스포티,1
1105,60.05399646060066,20.664195623698298,80.71819208429895,스포티,1
446,75.73952700814465,4.918030176028205,80.65755718417286,스포티,1
642,60.05399646060066,20.525657735811997,80.57965419641266,스포티,1
802,56.941616964763696,23.622036177072005,80.5636531418357,스포티,1
1249,55.784248510982394,24.698792567860046,80.48304107884243,스포티,1
617,63.63042310823626,16.836717841525914,80.46714094976217,스포티,1
1308,53.99438934528262,26.391618030911808,80.38600737619443,스포티,1
973,61.332365547913206,19.04762981859077,80.37999536650398,스포티,1
677,54.56400569628419,25.714294204080662,80.27829990036486,스포티,1
312,50.96487565838397,29.25355303899766,80.21842869738163,스포티,1
360,60.32387300674783,19.76742393185339,80.09129693860122,스포티,1
334,70.49195714546259,9.577099655949258,80.06905680141185,스포티,1
289,58.261550491524915,21.804500593593737,80.06605108511866,스포티,1
457,58.154247222651,21.8820931813373,80.0363404039883,스포티,1
47,66.80506238713686,13.043465784498515,79.84852817163537,스포티,1
242,59.7462234604597,20.089761220345363,79.83598468080507,스포티,1
668,65.10763148631665,14.711017369592504,79.81864885590915,스포티,1
1428,60.51646375062305,19.29823970452198,79.81470345514504,스포티,1
1002,64.05815853051833,15.697669730260827,79.75582826077915,스포티,1
372,65.60563723248731,14.049595365750495,79.6552325982378,스포티,1
1174,55.838720196774496,23.809519455780322,79.64823965255482,스포티,1
455,47.922971315842624,31.692517907196944,79.61548922303956,스포티,1
369,65.51235857220615,14.04357425118294,79.5559328233891,스포티,1
497,60.41851002895966,19.0881929989874,79.50670302794705,스포티,1
378,66.45454651224946,13.043474631380972,79.49802114363044,스포티,1
1361,53.40992719453029,26.04167843967075,79.45160563420104,스포티,1
763,69.86253035231147,9.560920553885733,79.4234509061972,스포티,1
1309,55.21769517915271,24.203081897215018,79.42077707636773,스포티,1
1235,53.99438934528262,25.403225806451612,79.39761515173423,스포티,1
366,72.83802931405238,6.528677331357126,79.36670664540951,스포티,1
918,69.10703159934496,10.227255733467212,79.33428733281218,스포티,1
600,56.77604672028775,22.50000690624905,79.27605362653681,스포티,1
119,59.2101499484179,20.04048712812872,79.25063707654662,스포티,1
1027,59.65035551491129,19.59890020526727,79.24925572017855,스포티,1
98,55.58652559235999,23.529426297579565,79.11595188993955,스포티,1
1326,66.14185535600303,12.962952880656195,79.10480823665922,스포티,1
426,66.59823249383045,12.500014583330904,79.09824707716136,스포티,1
258,57.79954222497238,21.276606043455836,79.07614826842821,스포티,1
38,58.0165109377714,21.052639889195802,79.0691508269672,스포티,1
474,61.288039097004955,17.721521935586047,79.009561032591,스포티,1
1460,53.99438934528262,25.0,78.99438934528263,스포티,1
985,62.08304128702067,16.91044113456297,78.99348242158364,스포티,1
494,55.94375805649909,23.033715439967573,78.97747349646667,스포티,1
702,70.40614969446013,8.539319197071002,78.94546889153114,스포티,1
693,70.8148688094562,8.045994451038311,78.86086326049451,스포티,1
266,54.06475870953571,24.786311111111107,78.85106982064681,스포티,1
39,58.81674503447669,19.999990666661688,78.81673570113838,스포티,1
226,63.63042310823626,15.151515151515152,78.78193825975141,스포티,1
1384,61.94405057775726,16.83169634349365,78.77574692125091,스포티,1
1444,61.717227399986015,17.04546430784902,78.76269170783503,스포티,1
1286,66.2031610470887,12.500011132812675,78.70317217990137,스포티,1
1297,64.00226415766261,14.63413456275796,78.63639872042057,스포티,1
143,61.95365608194123,16.666666666666664,78.62032274860789,스포티,1
1,54.05239542961178,24.528301886792452,78.58069731640423,스포티,1
1438,60.33123174096491,18.134710322425445,78.46594206339036,스포티,1
58,56.45348625420117,22.0,78.45348625420117,스포티,1
1214,54.34126331350437,24.074074074074073,78.41533738757845,스포티,1
479,64.00226415766261,14.410467889626657,78.41273204728927,스포티,1
1373,59.291857203820555,19.04762981859077,78.33948702241133,스포티,1
293,59.09983147072081,19.187583823699043,78.28741529441984,스포티,1
1402,53.99438934528262,24.24243537649418,78.2368247217768,스포티,1
486,70.91834049800497,7.269807822690097,78.18814832069506,스포티,1
201,59.86218154812582,18.32061966085584,78.18280120898166,스포티,1
685,58.93576453817967,19.230752958577376,78.16651749675705,스포티,1
853,55.94375805649909,22.222225617283197,78.16598367378229,스포티,1
974,55.91020777673814,22.200005683201454,78.11021345993959,스포티,1
315,51.52506523708229,26.547983167789752,78.07304840487204,스포티,1
790,59.622047043376256,18.42103912742649,78.04308617080275,스포티,1
892,69.06602302171707,8.974975124791783,78.04099814650885,스포티,1
942,59.7462234604597,18.25398205971205,78.00020552017176,스포티,1
678,48.41391980017104,29.545450826445602,77.95937062661665,스포티,1
229,59.7462234604597,18.181814187327703,77.9280376477874,스포티,1
125,59.2101499484179,18.584079442398643,77.79422939081654,스포티,1
294,65.10725685352998,12.66056756164741,77.76782441517739,스포티,1
22,63.579984462955395,14.160595730192888,77.74058019314828,스포티,1
718,65.53849934269395,12.195101820344444,77.7336011630384,스포티,1
1092,64.56957331326069,13.065341834798794,77.63491514805949,스포티,1
607,60.70070351010346,16.878973974600527,77.57967748470398,스포티,1
1020,48.80803079450114,28.731199267568048,77.5392300620692,스포티,1
15,66.80506238713686,10.726632933035434,77.53169532017229,스포티,1
1186,61.288039097004955,16.235434691529882,77.52347378853483,스포티,1
1324,64.31026376051823,13.186838230890594,77.49710199140881,스포티,1
1191,58.11734106987985,19.371723834323817,77.48906490420367,스포티,1
851,52.3118657913368,25.17583137416773,77.48769716550453,스포티,1
40,58.32184856472893,19.078932301764837,77.40078086649376,스포티,1
689,51.20918228422131,26.15332840498827,77.36251068920959,스포티,1
732,60.440967110239676,16.916668601666167,77.35763571190584,스포티,1
1333,49.141694702470005,28.189920948496965,77.33161565096697,스포티,1
921,69.81778605365301,7.507070109903557,77.32485616355656,스포티,1
54,58.20598162648491,19.1082982956722,77.31427992215711,스포티,1
1406,61.1086484000518,16.1125336176505,77.22118201770229,스포티,1
627,68.98126803579935,8.196711905403163,77.17797994120251,스포티,1
450,60.717481784582446,16.457573535322712,77.17505531990516,스포티,1
758,49.103472701046,28.035988093208285,77.13946079425429,스포티,1
869,70.8148688094562,6.272690748735181,77.08755955819139,스포티,1
316,49.08984224634928,27.929574187543626,77.0194164338929,스포티,1
1462,60.70553664066082,16.298884097128568,77.00442073778939,스포티,1
444,58.253494407235515,18.750004427082413,77.00349883431792,스포티,1
1023,55.35751542602508,21.568621914645604,76.92613734067069,스포티,1
50,64.01614413566044,12.849155847193646,76.86529998285408,스포티,1
433,61.12691483856778,15.730337078651685,76.85725191721946,스포티,1
1047,57.313405749348846,19.46106498499708,76.77447073434593,스포티,1
1064,54.51898898228356,22.25064164677,76.76963062905355,스포티,1
470,52.64402099082452,24.12060037877794,76.76462136960247,스포티,1
43,65.5134139303934,11.219514208208537,76.73292813860193,스포티,1
1375,59.945391626820935,16.786999146346652,76.7323907731676,스포티,1
1065,57.76093134398145,18.96552265160579,76.72645399558724,스포티,1
220,64.03092732062268,12.646385877170344,76.67731319779303,스포티,1
522,50.90728588672171,25.76178132457881,76.66906721130051,스포티,1
147,59.564469001690945,17.073156989884293,76.63762599157523,스포티,1
411,58.412644495042954,18.181818181818183,76.59446267686114,스포티,1
1283,64.31026376051823,12.262531829220688,76.57279558973892,스포티,1
716,58.78995455352698,17.750005297499417,76.5399598510264,스포티,1
157,64.31026376051823,12.186256048435153,76.49651980895338,스포티,1
290,64.16364246553582,12.23686217070389,76.4005046362397,스포티,1
57,64.25924577965816,12.121200979490988,76.38044675914915,스포티,1
569,52.114943897128626,24.25743479070814,76.37237868783677,스포티,1
410,51.31819925318779,25.0,76.3181992531878,스포티,1
1189,62.895487582673425,13.345744495998227,76.24123207867166,스포티,1
275,53.064114832925945,23.165324192981444,76.2294390259074,스포티,1
904,64.26056534383225,11.965811965811966,76.22637730964422,스포티,1
84,57.73319701131846,18.484602624649717,76.21779963596818,스포티,1
1291,60.115397779380245,16.062180144433363,76.1775779238136,스포티,1
388,69.50083354956283,6.666669666667642,76.16750321623047,스포티,1
299,65.42742636680472,10.72385729502805,76.15128366183278,스포티,1
1282,61.571455352809146,14.569524047190177,76.14097939999932,스포티,1
928,50.976815816734636,25.135145062093674,76.11196087882831,스포티,1
774,63.46418090216377,12.5827714705459,76.04695237270967,스포티,1
356,68.05261117158412,7.9207849426519745,75.9733961142361,스포티,1
1276,57.425434613618265,18.401919891655584,75.82735450527385,스포티,1
1126,61.81236420827716,14.009671476578871,75.82203568485603,스포티,1
253,66.07632331156431,9.557088912781783,75.63341222434609,스포티,1
1201,61.288039097004955,14.21709707441574,75.5051361714207,스포티,1
175,60.50071824699912,15.0,75.50071824699913,스포티,1
381,68.82969601003856,6.670721132122402,75.50041714216096,스포티,1
21,58.78995455352698,16.66665,75.45660455352699,스포티,1
993,62.63059220794776,12.820494564978402,75.45108677292616,스포티,1
558,56.8888135808852,18.512266128422226,75.40107970930742,스포티,1
726,66.07632331156431,9.294319431450752,75.37064274301505,스포티,1
924,66.07632331156431,9.230767810651107,75.30709112221541,스포티,1
291,61.12691483856778,14.173232779468176,75.30014761803595,스포티,1
757,60.15852249867408,15.112554685124044,75.27107718379813,스포티,1
713,54.562386712452174,20.689660523185392,75.25204723563756,스포티,1
106,65.74985535726621,9.48582266174228,75.23567801900849,스포티,1
1237,64.21153036936143,10.990818106424726,75.20234847578615,스포티,1
943,58.161254985472866,17.032952620454246,75.19420760592712,스포티,1
27,66.15421211691725,8.988774839038992,75.14298695595625,스포티,1
256,58.93576453817967,16.114465842056845,75.05023038023651,스포티,1
219,61.47030052162172,13.537394080324692,75.00769460194641,스포티,1
521,61.571455352809146,13.434471175882157,75.0059265286913,스포티,1
703,66.02368692665918,8.980372640993332,75.00405956765252,스포티,1
984,60.33123174096491,14.668095546313916,74.99932728727883,스포티,1
880,55.94375805649909,19.047609070290033,74.99136712678913,스포티,1
594,57.68368807386308,17.27272638016571,74.95641445402879,스포티,1
755,50.08780746162107,24.867723803924818,74.95553126554589,스포티,1
1265,54.670341872747194,20.253165689259735,74.92350756200693,스포티,1
127,59.23217402151331,15.640748848730865,74.87292287024417,스포티,1
174,61.12691483856778,13.730577740565803,74.85749257913358,스포티,1
177,69.25129239542689,5.588257360720868,74.83954975614776,스포티,1
241,51.13542948677689,23.64534106627296,74.78077055304985,스포티,1
29,58.35383357060616,16.4267159756919,74.78054954629806,스포티,1
107,52.61518684483831,22.16379604876759,74.7789828936059,스포티,1
208,61.1086484000518,13.619540896948298,74.7281892970001,스포티,1
495,49.141694702470005,25.58138918333991,74.72308388580991,스포티,1
604,52.35656701711162,22.346361564870694,74.70292858198232,스포티,1
391,53.064114832925945,21.621633406375953,74.6857482393019,스포티,1
1198,58.0165109377714,16.666679938271113,74.68319087604252,스포티,1
101,52.04506258952261,22.52632361839256,74.57138620791517,스포티,1
417,64.69591280964808,9.868445702046987,74.56435851169506,스포티,1
476,62.218662673067584,12.345665142510477,74.56432781557805,스포티,1
156,64.31026376051823,10.252591739764403,74.56285550028262,스포티,1
532,56.31984530256445,18.181818181818183,74.50166348438263,스포티,1
140,61.99699182940781,12.500005937500447,74.49699776690827,스포티,1
267,50.08780746162107,24.406056515635342,74.49386397725641,스포티,1
1193,57.469538097139825,17.021262471704247,74.49080056884407,스포티,1
481,66.07632331156431,8.407762882385825,74.48408619395013,스포티,1
1131,60.55089727567689,13.900726645428282,74.45162392110517,스포티,1
1262,57.104456156135505,17.333333857777752,74.43779001391326,스포티,1
379,58.0118835581118,16.326527925864497,74.3384114839763,스포티,1
163,58.377276536151626,15.794641420747446,74.17191795689908,스포티,1
608,62.71847528472747,11.387639224786774,74.10611450951424,스포티,1
1031,57.469538097139825,16.63356056063382,74.10309865777364,스포티,1
111,60.19998087322884,13.901345291479823,74.10132616470867,스포티,1
1278,55.962792286448725,18.038653878773882,74.0014461652226,스포티,1
292,55.64031534768419,18.33810797612481,73.978423323809,스포티,1
673,58.93576453817967,14.97326495124143,73.9090294894211,스포티,1
371,57.469538097139825,16.40626294555391,73.87580104269374,스포티,1
1075,60.70553664066082,13.155555555555557,73.86109219621638,스포티,1
274,57.431226536619604,16.409266758098294,73.8404932947179,스포티,1
858,56.8888135808852,16.94913702958788,73.83795061047309,스포티,1
181,58.161254985472866,15.664147681230764,73.82540266670362,스포티,1
257,51.52506523708229,22.222203902827886,73.74726913991017,스포티,1
870,61.36868736332799,12.359566317381336,73.72825368070933,스포티,1
270,49.84052089997544,23.853466406512013,73.69398730648746,스포티,1
322,60.15852249867408,13.42925506731294,73.58777756598703,스포티,1
1217,55.68259023933821,17.8217857072843,73.5043759466225,스포티,1
1313,64.31026376051823,9.183652295913076,73.4939160564313,스포티,1
1072,65.78107586906458,7.692299408284661,73.47337527734925,스포티,1
743,50.77744494980361,22.666661155555925,73.44410610535954,스포티,1
233,61.118686957501644,12.316720367040352,73.435407324542,스포티,1
733,61.34219698829006,12.087932455822937,73.43012944411299,스포티,1
1256,63.579984462955395,9.84719296150835,73.42717742446375,스포티,1
318,51.52506523708229,21.8935,73.41856523708229,스포티,1
473,55.1047412028491,18.248175464862346,73.35291666771144,스포티,1
387,69.25129239542689,4.081630458142634,73.33292285356953,스포티,1
307,58.35383357060616,14.958961607489169,73.31279517809533,스포티,1
662,63.527162905795606,9.782592790638537,73.30975569643414,스포티,1
829,59.65753421408706,13.649289749825911,73.30682396391296,스포티,1
104,59.305314673594054,14.000000000000002,73.30531467359405,스포티,1
657,64.31026376051823,8.991025946878734,73.30128970739696,스포티,1
209,56.77604672028775,16.513756165307655,73.2898028855954,스포티,1
342,57.469538097139825,15.76575941076177,73.23529750790159,스포티,1
1029,52.76957757156764,20.450776350179137,73.22035392174678,스포티,1
45,59.24310876665718,13.95349263694548,73.19660140360266,스포티,1
85,61.574963841018395,11.594195135473177,73.16915897649157,스포티,1
1164,56.8888135808852,16.27907660897679,73.16789018986199,스포티,1
306,52.0244145562852,21.136450793858984,73.16086535014418,스포티,1
168,61.027966072772585,12.078145328089708,73.10611140086229,스포티,1
477,55.50976215374256,17.506990966190727,73.01675311993328,스포티,1
1347,57.12210470524038,15.88785832823754,73.00996303347792,스포티,1
682,57.469538097139825,15.492949117235607,72.96248721437543,스포티,1
370,57.103225271927506,15.853659042236703,72.95688431416421,스포티,1
308,59.32502086077462,13.60542016289659,72.93044102367121,스포티,1
525,63.88852749123556,8.988765080166505,72.87729257140207,스포티,1
298,61.1086484000518,11.764688788926533,72.87333718897833,스포티,1
64,61.87166964310949,10.993669663741121,72.86533930685061,스포티,1
213,47.922971315842624,24.921133943019317,72.84410525886194,스포티,1
310,64.31026376051823,8.531073886558834,72.84133764707705,스포티,1
999,55.693071259855856,17.14285224489936,72.83592350475521,스포티,1
624,64.69591280964808,8.064504032252017,72.7604168419001,스포티,1
425,64.32771947150991,8.39792794653712,72.72564741804703,스포티,1
1212,60.7130516761704,11.971842570915369,72.68489424708577,스포티,1
171,60.19640040054234,12.484532554037331,72.68093295457967,스포티,1
547,54.51898898228356,18.15235622069244,72.671345202976,스포티,1
5,59.09983147072081,13.559346078710568,72.65917754943138,스포티,1
601,59.09983147072081,13.526205790015291,72.6260372607361,스포티,1
837,56.66055702136538,15.909091890496072,72.56964891186145,스포티,1
25,63.75506593441741,8.745257113738612,72.50032304815602,스포티,1
823,59.62598287895637,12.86305607685578,72.48903895581215,스포티,1
656,56.10029722621336,16.379320749106054,72.47961797531941,스포티,1
277,49.103472701046,23.375063049774493,72.4785357508205,스포티,1
412,63.579984462955395,8.897489855549379,72.47747431850478,스포티,1
467,63.579984462955395,8.854177737629724,72.43416220058512,스포티,1
941,60.19998087322884,12.195109458655864,72.3950903318847,스포티,1
272,53.768802811416585,18.611751612973617,72.3805544243902,스포티,1
634,61.118686957501644,11.258267198803978,72.37695415630563,스포티,1
178,51.762511341701625,20.590876472419765,72.35338781412139,스포티,1
200,56.406218470632254,15.94202159210593,72.34824006273818,스포티,1
902,57.993373035221055,14.351361195209014,72.34473423043006,스포티,1
721,60.15852249867408,12.1516754533933,72.31019795206738,스포티,1
231,55.25992592919542,17.040784212802834,72.30071014199825,스포티,1
899,61.95365608194123,10.344839238998778,72.29849532094,스포티,1
386,65.778843817939,6.514643961209164,72.29348777914817,스포티,1
358,54.90633155593312,17.333333333333336,72.23966488926646,스포티,1
1108,52.237199132186205,19.974633149541106,72.21183228172731,스포티,1
932,63.579984462955395,8.611598127322306,72.1915825902777,스포티,1
150,61.12691483856778,11.063836520416432,72.19075135898422,스포티,1
132,60.129936791128856,12.05962590169129,72.18956269282015,스포티,1
377,55.59272411552134,16.574427595842316,72.16715171136366,스포티,1
482,51.307370268353104,20.833333333333336,72.14070360168644,스포티,1
405,51.72845827657591,20.384610828401666,72.11306910497757,스포티,1
849,57.469538097139825,14.583353206015317,72.05289130315515,스포티,1
1148,60.73010935637364,11.290309105101464,72.0204184614751,스포티,1
768,61.51326516616491,10.506561536677097,72.01982670284201,스포티,1
1173,51.04980600923068,20.967737109782217,72.0175431190129,스포티,1
345,61.571455352809146,10.432979790518106,72.00443514332726,스포티,1
191,58.079984376730195,13.908190629079023,71.98817500580921,스포티,1
818,59.02316680557036,12.962974554184242,71.98614135975461,스포티,1
124,59.690731662177996,12.280715789473684,71.97144745165168,스포티,1
898,57.469538097139825,14.445852359383855,71.91539045652368,스포티,1
505,53.393645828761194,18.49315507130979,71.88680090007098,스포티,1
1095,61.288039097004955,10.588246920412491,71.87628601741744,스포티,1
296,64.31026376051823,7.5539372910214855,71.86420105153971,스포티,1
865,62.895487582673425,8.966387900912446,71.86187548358588,스포티,1
374,63.69597385282968,8.154527448872981,71.85050130170266,스포티,1
416,56.81376518070269,15.035461801317837,71.84922698202053,스포티,1
189,62.952507178800964,8.846156823225854,71.79866400202681,스포티,1
471,60.41851002895966,11.374387845061179,71.79289787402084,스포티,1
775,60.129936791128856,11.625088945078547,71.7550257362074,스포티,1
245,59.25471324280809,12.499986875000657,71.75470011780874,스포티,1
568,61.571455352809146,10.14491613106143,71.71637148387057,스포티,1
555,56.8888135808852,14.738794338243096,71.6276079191283,스포티,1
221,62.68630026893411,8.903208992075498,71.58950926100961,스포티,1
871,58.31756238490444,13.26530441170355,71.58286679660799,스포티,1
512,50.89500247682922,20.620852218030645,71.51585469485987,스포티,1
958,50.0652995928224,21.311475409836063,71.37677500265846,스포티,1
514,56.8888135808852,14.479626084639897,71.3684396655251,스포티,1
202,63.32714043420478,8.029211994774466,71.35635242897925,스포티,1
1222,65.46254078997936,5.88235294117647,71.34489373115582,스포티,1
859,51.34246661044606,19.999992461537822,71.34245907198388,스포티,1
530,60.19998087322884,11.116280293801873,71.31626116703072,스포티,1
346,52.04506258952261,19.259244444444445,71.30430703396705,스포티,1
692,64.31026376051823,6.89654223543283,71.20680599595106,스포티,1
1241,56.44420513369104,14.705884775085934,71.15008990877698,스포티,1
335,63.69597385282968,7.449513835448728,71.14548768827841,스포티,1
916,61.288039097004955,9.84251061752052,71.13054971452547,스포티,1
499,54.05239542961178,17.048067544926585,71.10046297453836,스포티,1
128,60.41851002895966,10.616460273972605,71.03497030293227,스포티,1
1310,49.249846197445315,21.771217712177123,71.02106390962244,스포티,1
1224,57.52956264095985,13.483157576063858,71.01272021702371,스포티,1
566,55.242164117671976,15.748037503875196,70.99020162154717,스포티,1
1079,64.31026376051823,6.540488936590336,70.85075269710856,스포티,1
194,47.88530379117516,22.938592270343054,70.82389606151821,스포티,1
185,53.14364361102106,17.647074443896386,70.79071805491745,스포티,1
821,56.47522252779606,14.285732319105996,70.76095484690205,스포티,1
1058,53.81170100013605,16.94913702958788,70.76083802972393,스포티,1
438,58.20598162648491,12.499982031250674,70.7059636577356,스포티,1
557,54.40568597698814,16.287891250570997,70.69357722755913,스포티,1
931,61.027966072772585,9.640001062479874,70.66796713525245,스포티,1
1257,59.574295294667735,11.072654436607728,70.64694973127547,스포티,1
861,52.0244145562852,18.583166488207777,70.60758104449297,스포티,1
397,64.59422165699036,5.9968826886264734,70.59110434561683,스포티,1
400,59.830054725004544,10.714304081627407,70.54435880663195,스포티,1
567,55.1047412028491,15.384610019723052,70.48935122257215,스포티,1
680,49.53452093037741,20.8955223880597,70.43004331843711,스포티,1
864,64.69370580417184,5.725974090146596,70.41967989431843,스포티,1
406,55.59272411552134,14.814810836762765,70.40753495228411,스포티,1
301,60.115397779380245,10.270282813732786,70.38568059311304,스포티,1
1151,57.839228027429556,12.500002951388275,70.33923097881782,스포티,1
571,53.07765979292189,17.17391304347826,70.25157283640016,스포티,1
850,55.63599359031357,14.545455457851522,70.18144904816509,스포티,1
280,65.11433148125884,5.033556633484946,70.1478881147438,스포티,1
398,61.82401784857811,8.316021063614192,70.1400389121923,스포티,1
46,57.5917451495983,12.543564615323998,70.1353097649223,스포티,1
881,60.05399646060066,9.999990675999369,70.05398713660003,스포티,1
333,51.52506523708229,18.51851131686803,70.04357655395032,스포티,1
786,55.233901349755186,14.767935788424108,70.0018371381793,스포티,1
784,56.68603041104119,13.1715918060578,69.85762221709899,스포티,1
585,61.16867444752236,8.685461135906323,69.85413558342869,스포티,1
347,63.579984462955395,6.23908146581542,69.81906592877081,스포티,1
896,64.43479561909719,5.3691281599928375,69.80392377909003,스포티,1
526,60.05399646060066,9.649121748999809,69.70311820960046,스포티,1
736,56.81376518070269,12.759205758515371,69.57297093921807,스포티,1
469,61.628638290233354,7.943935231023011,69.57257352125636,스포티,1
365,60.115397779380245,9.438796224481509,69.55419400386175,스포티,1
149,52.09429784608712,17.391304347826086,69.48560219391321,스포티,1
1130,60.129936791128856,9.195416911082336,69.32535370221119,스포티,1
783,60.15852249867408,9.069198382782403,69.22772088145649,스포티,1
19,63.579984462955395,5.645158381243541,69.22514284419894,스포티,1
912,54.123295135637285,15.058330271049527,69.1816254066868,스포티,1
1013,58.518960200809914,10.593209910946497,69.11217011175641,스포티,1
709,63.69597385282968,5.405405405405405,69.10137925823508,스포티,1
222,61.027966072772585,7.964601769911504,68.9925678426841,스포티,1
496,57.350103016834694,11.610463696502915,68.96056671333761,스포티,1
230,57.431226536619604,11.51631781049964,68.94754434711925,스포티,1
90,60.085224713497574,8.843521761763535,68.92874647526111,스포티,1
218,56.424931204522856,12.5,68.92493120452286,스포티,1
130,66.15421211691725,2.564102564102564,68.71831468101982,스포티,1
192,59.400039583127715,9.259265226334133,68.65930480946184,스포티,1
1110,61.288039097004955,7.333315452445779,68.62135454945073,스포티,1
349,51.52543007660637,17.064841822269834,68.59027189887621,스포티,1
807,58.518960200809914,10.069451542727732,68.58841174353765,스포티,1
579,50.325132466842405,18.25398458994573,68.57911705678814,스포티,1
1150,56.424931204522856,12.121202203854946,68.5461334083778,스포티,1
602,61.06787486140458,7.474759828913132,68.54263469031771,스포티,1
623,60.46859119060559,7.981205162113282,68.44979635271888,스포티,1
660,59.25471324280809,9.12463204360299,68.37934528641108,스포티,1
247,49.08984224634928,19.26964910233648,68.35949134868576,스포티,1
540,63.22956210261496,5.102039609537785,68.33160171215275,스포티,1
1008,56.81376518070269,11.501067878519956,68.31483305922265,스포티,1
72,62.68630026893411,5.590080415263117,68.27638068419722,스포티,1
1203,55.35012681777215,12.873862158647595,68.22398897641975,스포티,1
1414,60.70553664066082,7.513655772418673,68.2191924130795,스포티,1
197,58.518960200809914,9.571789720130514,68.09074992094042,스포티,1
855,55.68259023933821,12.290491967581913,67.97308220692013,스포티,1
860,59.09983147072081,8.84352356656454,67.94335503728534,스포티,1
791,58.20598162648491,9.677430572318546,67.88341219880346,스포티,1
99,60.70553664066082,7.142877721092845,67.84841436175367,스포티,1
1149,57.469538097139825,10.354447509498778,67.8239856066386,스포티,1
69,56.81376518070269,11.000805219462482,67.81457040016517,스포티,1
454,54.05239542961178,13.761467889908257,67.81386331952004,스포티,1
1154,51.085435423513246,16.666666666666664,67.7521020901799,스포티,1
480,51.20918228422131,16.338521086086853,67.54770337030817,스포티,1
863,64.03092732062268,3.4883695375872015,67.51929685820988,스포티,1
134,57.41440685141885,10.080045717966495,67.49445256938534,스포티,1
262,56.44420513369104,11.038312722546626,67.48251785623766,스포티,1
663,55.02666858843435,12.43243770927633,67.45910629771068,스포티,1
170,63.579984462955395,3.8461566568056633,67.42614111976106,스포티,1
137,61.86800614274248,5.442171169420421,67.3101773121629,스포티,1
1032,61.288039097004955,6.020823471175634,67.30886256818059,스포티,1
698,60.02024092793054,7.246369533711437,67.26661046164197,스포티,1
285,57.214883516693924,10.030844513503173,67.2457280301971,스포티,1
1012,59.54612241436621,7.6923076923076925,67.2384301066739,스포티,1
776,58.35383357060616,8.83344267513451,67.18727624574068,스포티,1
1053,57.52956264095985,9.63855421686747,67.16811685782733,스포티,1
20,52.35656701711162,14.774185114936678,67.1307521320483,스포티,1
650,63.18474760135471,3.9426542105066043,67.12740181186132,스포티,1
1103,52.76957757156764,14.321803308840986,67.09138088040862,스포티,1
780,63.32714043420478,3.703707698217768,67.03084813242255,스포티,1
842,60.05399646060066,6.8493104240930816,66.90330688469373,스포티,1
424,59.81341097186446,7.0707144534217585,66.88412542528621,스포티,1
787,49.53452093037741,17.307677984180753,66.84219891455817,스포티,1
605,54.34126331350437,12.39891074316836,66.74017405667273,스포티,1
160,59.76750254976808,6.7307466617254,66.49824921149349,스포티,1
814,56.8888135808852,9.542995259570912,66.43180884045611,스포티,1
283,59.47304680011375,6.920407229318417,66.39345402943216,스포티,1
443,56.78808006637972,9.475939514409815,66.26401958078954,스포티,1
915,61.288039097004955,4.9180326095135944,66.20607170651854,스포티,1
165,56.57386685286407,9.550569239996372,66.12443609286045,스포티,1
80,55.242164117671976,10.791380482373855,66.03354460004583,스포티,1
271,50.48828451240901,15.534872738991293,66.0231572514003,스포티,1
1101,58.21428004194286,7.792207792207792,66.00648783415065,스포티,1
1018,57.45479972564797,8.548591140200799,66.00339086584877,스포티,1
819,48.860990847684484,17.076586002577,65.93757685026148,스포티,1
55,59.648487991923425,6.249992968750879,65.8984809606743,스포티,1
126,54.61012865901527,11.246503801361731,65.856632460377,스포티,1
382,52.04506258952261,13.793115933408298,65.8381785229309,스포티,1
751,57.04460795781412,8.750014613990018,65.79462257180414,스포티,1
1068,55.02874314236792,10.714267006793813,65.74301014916173,스포티,1
1043,55.66597145078871,10.0,65.6659714507887,스포티,1
506,57.431226536619604,8.13953488372093,65.57076142034053,스포티,1
893,54.97346390219643,10.576923076923077,65.55038697911951,스포티,1
248,56.31984530256445,9.191184598471343,65.5110299010358,스포티,1
1121,58.518960200809914,6.944453073557737,65.46341327436765,스포티,1
1196,50.2918114263081,15.131913277011302,65.42372470331941,스포티,1
1077,52.237199132186205,13.157905955679263,65.39510508786547,스포티,1
414,52.35656701711162,12.745095786716007,65.10166280382762,스포티,1
544,58.626546489458335,6.451611997918735,65.07815848737707,스포티,1
531,53.064114832925945,11.999987040001036,65.06410187292698,스포티,1
723,54.06475870953571,10.960324212977476,65.02508292251318,스포티,1
511,47.95178646578695,17.073171772754378,65.02495823854133,스포티,1
500,56.966559858686615,8.045968814901876,65.01252867358849,스포티,1
725,55.94507872344068,8.965537334126248,64.91061605756693,스포티,1
1335,57.41440685141885,7.427095096365878,64.84150194778474,스포티,1
616,58.52339696579894,6.285699685715016,64.80909665151395,스포티,1
747,58.31756238490444,6.400002315520547,64.71756470042499,스포티,1
65,55.64031534768419,9.032267027681991,64.67258237536618,스포티,1
968,51.66798050281625,12.881115189642648,64.54909569245889,스포티,1
992,55.9130738769547,8.633102793330885,64.54617667028558,스포티,1
151,59.07041959228436,5.128203966140655,64.19862355842501,스포티,1
1147,51.52543007660637,12.6027300285221,64.12816010512847,스포티,1
1366,53.521177751627604,10.419031381690951,63.940209133318554,스포티,1
806,56.415338601585944,7.4074243072637245,63.82276290884967,스포티,1
1071,49.08984224634928,14.672114273045434,63.761956519394715,스포티,1
82,56.13872018248267,7.368416317449832,63.5071364999325,스포티,1
519,57.31436648023453,5.904905157350531,63.21927163758507,스포티,1
646,49.141694702470005,13.903496581715144,63.04519128418515,스포티,1
344,51.72845827657591,11.3011325928573,63.02959086943321,스포티,1
70,52.39419737120461,10.20409262807029,62.598289999274904,스포티,1
1343,55.66597145078871,6.896542485139881,62.56251393592859,스포티,1
1004,56.8888135808852,5.660379494482829,62.549193075368024,스포티,1
440,54.23928194758003,8.241759984300943,62.48104193188097,스포티,1
23,51.34635957197128,11.111098092034846,62.45745766400612,스포티,1
68,47.922971315842624,14.473694511770821,62.39666582761345,스포티,1
739,58.20598162648491,4.081635185340001,62.28761681182491,스포티,1
188,55.838720196774496,6.417095775110833,62.255815971885326,스포티,1
1325,55.79315335524403,6.410819306836846,62.20397266208087,스포티,1
225,55.186821796888275,6.896544732461453,62.083366529349725,스포티,1
1052,49.19746964114397,12.77953122080699,61.977000861950955,스포티,1
1050,56.62652319303611,5.333333333333334,61.95985652636944,스포티,1
524,52.883967236398696,8.982050121917263,61.86601735831596,스포티,1
339,49.103472701046,12.607355572658987,61.71082827370499,스포티,1
1021,50.96487565838397,10.563359102852443,61.52823476123641,스포티,1
534,52.8478648436642,8.333333333333332,61.181198176997526,스포티,1
564,51.44899008377184,9.615397633138096,61.064387716909934,스포티,1
862,56.424931204522856,4.45544657018892,60.880377774711775,스포티,1
434,51.66798050281625,9.033626752239003,60.70160725505525,스포티,1
983,52.04506258952261,8.333333333333332,60.378395922855944,스포티,1
635,51.95328323201996,8.423317308519843,60.376600540539805,스포티,1
589,51.2291067784158,9.090927916603679,60.32003469501947,스포티,1
727,49.19746964114397,11.111136296294616,60.308605937438585,스포티,1
955,51.52506523708229,8.762886597938143,60.28795183502043,스포티,1
203,52.76232787738415,7.499994059998764,60.262321937382914,스포티,1
587,52.76957757156764,7.317057208983957,60.08663478055159,스포티,1
144,52.8478648436642,6.237816346910057,59.085681190574256,스포티,1
887,51.20918228422131,7.843117647058823,59.05229993128014,스포티,1
667,49.688113574688344,9.302313315309478,58.99042688999782,스포티,1
1069,51.20918228422131,7.407403621400167,58.61658590562148,스포티,1
1022,58.46657675197014,0.0,58.46657675197014,스포티,1
638,47.922971315842624,10.462782716419834,58.385754032262454,스포티,1
260,47.922971315842624,10.323119760106355,58.24609107594898,스포티,1
138,51.994249351271016,6.018519902263337,58.01276925353435,스포티,1
239,51.20918228422131,6.425222535059588,57.6344048192809,스포티,1
1244,50.54526196941057,6.8965531510109965,57.441815120421566,스포티,1
472,47.82120958260898,9.090927438016863,56.91213702062584,스포티,1
302,49.103472701046,7.547169811320755,56.65064251236676,스포티,1
357,49.141694702470005,6.965156484734762,56.10685118720477,스포티,1
